,eps,dividend
0,-3.2085561497326203,
1,1.2034220532319393,0.0346
2,1.3333333333333335,0.0364
3,1.2921810699588476,0.023
4,0.9166666666666667,
5,7.2742616033755265,0.0143
6,-2.7407407407407405,
7,,
8,,
9,,0.106400006
10,1.6515151515151516,
11,,
12,,
13,1.1994535519125682,0.0047999998
14,1.226027397260274,0.0092
15,,0.0098
16,1.564885496183206,
17,130.0,
18,0.9067357512953368,0.0301
19,0.719626168224299,0.0343
20,,
21,,
22,,
23,,0.0586
24,,
25,,
26,,
27,0.16835016835016833,
28,,
29,0.46691403834260975,
30,,
31,,0.0573
32,1.1191335740072201,0.023
33,-0.19019944525161803,0.020499999
34,0.7905634333040531,0.0385
35,,
36,-0.4149971379507727,
37,-0.43029259896729777,
38,21.0,0.013300001
39,,0.0571
40,0.19880715705765406,
41,,0.051599998
42,,
43,1.2822647793505413,
44,,
45,,
46,1.17310443490701,
47,,
48,1.4484514212982604,0.0191
49,0.5938697318007663,
50,0.9632513419453783,
51,,
52,,
53,,
54,-8.88888888888889,
55,0.0425531914893617,
56,0.5519244734931009,
57,,
58,2.826086956521739,
59,,0.044699997
60,,
61,1.1192660550458715,0.0431
62,,0.1074
63,-0.6638115631691648,
64,,
65,0.24805102763997164,
66,1.5873684210526315,0.057600003
67,35.909090909090914,
68,-0.1601604788893842,
69,,
70,,
71,,
72,,
73,,
74,2.2195121951219514,
75,0.9383177570093458,
76,0.8266199649737302,0.0062
77,,0.01
78,1.130524152106886,0.0313
79,,
80,0.9501915708812261,0.0068
81,,
82,,0.0738
83,,0.063
84,-0.14423076923076925,
85,,
86,1.4292511180892566,0.0219
87,,
88,1.8289473684210524,
89,0.819252432155658,
90,0.6312684365781711,
91,,0.0327
92,,
93,0.1360863444392304,
94,,
95,0.9518072289156626,
96,0.09423186750428328,
97,,0.0623
98,-3.75,0.0229
99,1.5676043557168784,
100,-0.032556418793932666,
101,-0.7988165680473372,
102,-2.1686746987951806,
103,,
104,2.0016645859342486,
105,,0.0082
106,1.2352352352352352,
107,-0.09411764705882353,
108,,0.036
109,1.2086526336211079,0.0209
110,1.9338677354709417,
111,0.07914293987066884,
112,1.7311007141098254,0.0159
113,,
114,,
115,-0.08894536213468869,
116,,0.0559
117,,
118,,0.0308
119,2.18232044198895,0.0167
120,,0.017
121,0.9090909090909092,
122,4.087719298245615,
123,0.7625649913344887,
124,1.8054162487462388,0.0855
125,,
126,,0.0462
127,0.08064516129032258,
128,,0.0655
129,,
130,,
131,0.4477611940298507,0.039300002
132,,
133,2.08130912810023,0.0064
134,,0.0401
135,1.4190948022503986,0.017
136,,
137,3.846153846153846,
138,2.9769736842105265,
139,,
140,2.344322344322344,
141,,
142,0.23054755043227665,
143,,
144,,0.116000004
145,0.3297442799461642,
146,1.0616883116883116,0.0137
147,,0.0735
148,0.44343806019435794,0.0072000003
149,,0.0422
150,,0.0162
151,6.403100775193798,
152,,0.0493
153,,
154,0.21333333333333335,
155,,0.0150999995
156,-0.6395833333333333,0.0425
157,,0.0376
158,,
159,,0.077199996
160,1.7366412213740459,0.041199997
161,,
162,2.142029657089898,0.0425
163,0.9382804138423118,
164,1.4915587608588756,0.014199999
165,-0.23442732752846618,0.030199999
166,9.62962962962963,
167,2.7083333333333335,
168,-0.03674219228413962,
169,1.658001155401502,
170,0.21961932650073204,
171,1.8964865885908575,0.0585
172,1.7329737019554954,0.0424
173,-0.10784313725490197,
174,1.5,
175,1.1875,
176,0.4733727810650888,
177,4.477611940298507,
178,,0.0199
179,1.6852317642831478,
180,1.6364952932657493,
181,,
182,,
183,,0.052399997
184,0.27817745803357313,0.0099
185,4.2156398104265405,
186,,
187,-2.960848287112561,0.0029
188,5.172185430463576,
189,2.342402123424021,0.066
190,1.1386138613861385,
191,1.576260370134014,0.0117
192,1.349875930521092,0.018099999
193,,
194,0.28492647058823534,
195,,
196,1.1760104302477183,0.0337
197,0.6625991458206223,0.025799999
198,1.6936671575846831,0.0214
199,,0.0382
200,1.2820512820512822,0.044899996
201,,
202,,
203,-0.013140604467805518,
204,25.601503759398494,0.0383
205,,
206,3.9,0.0479
207,0.6117108276087668,
208,1.0477255779269203,0.0358
209,,0.0825
210,0.5781378742103818,
211,,0.0653
212,,
213,0.7127089246294545,
214,-7.672727272727272,0.024500001
215,0.6166718314223737,0.0405
216,1.0266159695817492,
217,,0.082100004
218,,0.0388
219,,
220,,
221,,
222,,
223,1.1373707533234858,0.021
224,,0.104399994
225,1.4134877384196187,0.041300002
226,0.19047619047619047,
227,,
228,0.5095541401273886,
229,,
230,0.20460358056265984,
231,1.154791154791155,0.01
232,0.9897851356111307,0.0023999999
233,,0.0913
234,,
235,,
236,-1.2962962962962965,
237,,
238,0.6780238500851788,0.060399998
239,1.4144041619248902,0.0639
240,,
241,,
242,,
243,-1.4130434782608696,0.13270001
244,2.076923076923077,0.0184
245,0.6585185185185186,
246,,
247,,0.0128
248,,
249,1.053968253968254,
250,,0.025899999
251,0.4577841111506947,
252,,
253,,0.040700004
254,1.3092345078979344,0.0336
255,-0.9121122599704579,
256,,
257,,
258,1.7758784425451095,
259,1.1346655082536925,0.0177
260,1.1014492753623188,0.0342
261,,
262,,
263,1.1523809523809523,0.3
264,-0.4060370781175725,0.0796
265,,
266,,
267,1.6666666666666665,
268,-0.20449897750511248,
269,1.8270799347471454,
270,,
271,1.0467610467610469,
272,,
273,,
274,,
275,0.4975728155339806,
276,,0.055999998
277,0.4520917678812416,
278,2.725050916496945,
279,0.9120102761721258,
280,1.1642335766423357,0.0356
281,0.08341056533827618,
282,1.793939393939394,
283,,0.0776
284,,
285,-10.857142857142856,
286,,0.0023
287,0.008051529790660227,
288,,
289,0.11527377521613834,
290,0.3313253012048193,
291,,
292,2.213740458015267,
293,,0.0242
294,,
295,,
296,0.12919896640826872,
297,,0.0714
298,,
299,,
300,0.055497060629990345,
301,,0.0574
302,0.759075907590759,
303,,
304,9.181380417335474,0.0227
305,0.8921568627450981,0.0279
306,1.6349206349206349,
307,,
308,-0.20000000000000004,
309,,0.075
310,1.1034680424190313,0.0496
311,-1.627260083449235,
312,3.82716049382716,0.015
313,,
314,0.27478818410808337,
315,,
316,,0.0799
317,,
318,,0.1087
319,,0.086899996
320,,0.0598
321,0.5667276051188299,
322,,0.0175
323,,
324,,
325,0.011761517615176152,0.0372
326,0.193154862758387,
327,0.48257372654155495,
328,1.2399643175735948,
329,,
330,1.6379310344827585,
331,-18.25,0.014199999
332,,0.0626
333,,
334,0.6758043023034456,
335,-2.3704866562009417,0.097799994
336,,0.0378
337,,0.0332
338,-0.4065040650406504,
339,0.5003697313285678,
340,,
341,,0.069699995
342,0.8755129958960328,
343,0.06546644844517185,
344,2.7717391304347823,0.039
345,,
346,,0.1271
347,1.070840197693575,
348,,
349,1.63728432108027,0.0184
350,,0.040799998
351,0.6908396946564885,
352,,0.0615
353,,
354,,
355,1.3704071499503476,
356,-2.2641509433962264,
357,,0.0135
358,1.5101010101010102,0.0482
359,1.2589413447782547,
360,3.5273972602739727,0.0104
361,,
362,-0.9515151515151516,0.014099999
363,,0.0049
364,0.7692307692307693,
365,,
366,0.32407407407407407,0.24190001
367,,0.0867
368,-0.448087431693989,
369,4.545454545454545,
370,,0.0186
371,1.3830334190231361,0.0297
372,0.07389162561576354,
373,0.9792626728110599,
374,,0.0184
375,1.8027734976887517,0.0917
376,,
377,,0.023
378,0.920881971465629,0.113800004
379,0.5826330532212886,0.0214
380,,
381,-0.11764705882352941,
382,2.0529595015576323,0.033800002
383,0.1695873374788016,
384,,
385,,
386,1.9571045576407506,
387,2.63430725730443,0.0128999995
388,0.8,
389,2.0833333333333335,
390,0.2501603592046184,
391,,
392,-0.5082319255547602,
393,,0.3183
394,,0.0159
395,1.2857142857142856,0.081999995
396,,
397,4.849498327759197,
398,,
399,,
400,1.5516875398004668,0.0294
401,0.21739130434782608,
402,,0.1105
403,,
404,,
405,1.1313444401394808,0.052600004
406,,0.0195
407,1.344186046511628,0.0156
408,,
409,,
410,,
411,3.9528432732316228,
412,0.46291922531884744,
413,1.035450140270339,0.0166
414,,
415,,
416,-13.478260869565217,
417,,
418,,
419,,
420,,
421,1.427807486631016,0.045900002
422,,
423,,
424,1.1323155216284988,0.0167
425,-0.4555790157544259,
426,0.036630036630036625,
427,,0.0777
428,,
429,,
430,,
431,,
432,-2.462745098039216,0.0083
433,0.8986318407960199,
434,1.3372582001682085,
435,,0.0053
436,,0.0334
437,,0.0173
438,0.7095421181405102,0.0294
439,-4.508928571428571,
440,,
441,,
442,,
443,1.2093023255813953,0.0792
444,1.391695059625213,0.0126
445,-1.209046100318933,0.0304
446,,
447,,0.077199996
448,,
449,,
450,,
451,,0.0385
452,,
453,,
454,,0.031400003
455,,
456,-0.02066115702479339,
457,3.1704479348458405,0.0442
458,,
459,1.5493482309124766,
460,,
461,,
462,0.9797297297297297,0.103
463,-13.020833333333334,0.0555
464,,0.0892
465,,0.0525
466,,0.053200003
467,0.23708721422523288,0.0429
468,1.8877551020408163,
469,,
470,1.6666666666666667,
471,0.49129989764585463,
472,,
473,0.9832635983263598,
474,,0.19780001
475,,0.038599998
476,,0.0479
477,,
478,1.2967479674796747,0.018
479,1.5763546798029555,
480,,
481,,0.023699999
482,0.4072883172561629,
483,0.2376237623762376,0.0308
484,-1.297872340425532,
485,1.1797637741517035,
486,,
487,,0.0124
488,1.5105740181268883,0.016900001
489,1.3513513513513513,0.024300002
490,0.40196078431372545,0.0223
491,11.999999999999998,0.113199994
492,1.237762237762238,0.0146
493,0.9689213893967094,
494,-8.285714285714286,
495,2.820895522388059,
496,0.18032786885245905,
497,,
498,1.0,0.0359
499,1.0222929936305731,0.0194
500,,0.044
501,,
502,1.1596091205211727,
503,0.00780209324452902,0.32990003
504,,
505,,
506,0.9500546846518411,0.0171
507,,
508,,
509,12.24,0.0717
510,2.2857142857142856,
511,,0.11229999
512,-3.9097744360902253,
513,0.9111191075926592,0.0525
514,4.188034188034187,
515,1.0256410256410255,0.0318
516,1.0442176870748299,0.0199
517,1.0,0.037
518,-0.9267734553775744,
519,,
520,0.9456928838951311,0.0038
521,1.7897727272727273,0.0106
522,1.740506329113924,
523,,
524,,0.026199998
525,1.7834394904458597,
526,0.75,
527,1.1666666666666667,
528,1.6949152542372883,0.056599997
529,,0.1001
530,,
531,2.903765690376569,
532,,
533,2.340909090909091,
534,0.9973958333333334,0.0416
535,-1.1166666666666667,
536,,
537,1.4787316318638826,0.00029999999
538,,
539,1.2888888888888888,0.1935
540,0.005063291139240506,0.1084
541,,0.0375
542,,
543,1.0382978723404255,0.036199998
544,1.0422885572139307,0.0325
545,,
546,4.75,
547,,
548,0.33496288249139966,
549,0.29333333333333333,
550,,
551,9.15909090909091,0.0127
552,2.3529411764705883,
553,3.666666666666667,0.0198
554,0.7489878542510121,
555,0.8342245989304813,0.0249
556,1.3363914373088686,0.0182
557,6.074561403508772,
558,,0.0542
559,,0.0498
560,,0.0574
561,-0.9090909090909092,
562,0.5247524752475248,
563,,
564,1.7692307692307694,0.0053
565,3.567567567567568,0.0994
566,45.187845303867405,
567,,
568,,0.0294
569,1.0,0.022
570,0.7627118644067797,0.059
571,0.8252864157119476,
572,,0.1173
573,,0.1608
574,-0.174512987012987,
575,0.7854710556186152,0.0167
576,1.8586572438162543,0.0224
577,,
578,-0.8915388983532085,
579,0.6458333333333334,
580,,0.083900005
581,18.333333333333336,
582,,
583,1.9152542372881356,
584,,0.0846
585,1.9819121447028423,
586,0.7663551401869159,0.0543
587,3.9130434782608696,
588,0.9589041095890412,0.0128
589,1.1468926553672316,0.0226
590,,
591,0.37,
592,1.2809815950920245,0.0228
593,,
594,6.244444444444444,
595,0.8415132924335379,0.018
596,,0.0401
597,-1.25,
598,,
599,0.7009345794392523,
600,0.23560209424083772,0.0095999995
601,0.5501949317738791,0.0134000005
602,1.00418410041841,0.0088
603,1.1379310344827587,0.0043
604,192.74545454545455,0.0672
605,1.3735294117647059,0.0214
606,,
607,,
608,,
609,1.5084745762711866,0.0031
610,,
611,-1.282051282051282,
612,2.2456140350877196,
613,-0.1904761904761905,
614,0.69693094629156,0.0232
615,,
616,1.2601626016260163,0.0221
617,,
618,,
619,,
620,,
621,2.8786127167630062,0.0332
622,-0.42547425474254746,0.1165
623,5.1,
624,,
625,,0.0215
626,,
627,1.4912280701754386,
628,,
629,1.487323943661972,0.0097
630,0.42329545454545453,0.075100005
631,80.76,0.061
632,1.0701754385964912,0.041100003
633,1.8625429553264603,
634,1.0734341252699784,0.0357
635,,0.0023
636,,
637,,0.0355
638,,
639,1.2317708333333335,0.0186
640,1.1403508771929827,0.0423
641,,
642,,
643,,
644,0.0011824524062906468,
645,8.209302325581396,
646,,
647,0.2787456445993032,
648,1.0,
649,1.1194029850746268,
650,,
651,0.4086538461538462,
652,,
653,2.602941176470588,
654,,0.0092
655,0.00736105999263894,
656,,0.0301
657,,
658,,
659,1.3761467889908257,1.2433
660,,
661,,0.115
662,4.825301204819278,0.012
663,,0.082600005
664,0.8436363636363636,0.027
665,2.3047619047619046,0.0273
666,0.4379947229551451,0.0519
667,,
668,0.9927797833935018,0.037100002
669,,0.044
670,12.097560975609756,
671,1.8432835820895523,0.0015
672,0.1554054054054054,0.00029999999
673,2.858974358974359,0.089700006
674,,
675,,
676,0.9887133182844244,0.0176
677,1.905263157894737,
678,,
679,1.6203703703703702,0.0361
680,1.0258358662613982,
681,0.2759448110377924,
682,1.04789644012945,0.045300003
683,,
684,-1.0248901903367496,0.028099999
685,2.5210526315789474,0.043899998
686,0.6149957877000842,
687,0.5087014725568942,
688,-0.3179650238473768,
689,-1.0,0.0041
690,,
691,,0.0701
692,-0.29906542056074764,
693,1.2917431192660551,0.0275
694,,0.0545
695,0.14285714285714285,
696,21.99792960662526,
697,1.228813559322034,
698,-0.4770642201834862,
699,,
700,-0.3817733990147783,0.026199998
701,0.5620608899297423,
702,,
703,,0.0392
704,,0.039
705,-2.361111111111111,
706,,
707,,0.044899996
708,-0.1111111111111111,0.057800002
709,0.058931484502446986,1.0732
710,,
711,-0.17894736842105266,0.016
712,,
713,,
714,,
715,0.996309963099631,0.0178
716,,
717,,
718,,0.0555
719,,
720,,0.0749
721,1.0588235294117645,0.0477
722,1.7464953271028039,
723,1.7391304347826086,
724,,
725,0.6902050113895216,0.0414
726,8.75,
727,2.388059701492537,0.0345
728,,
729,,0.026800001
730,,
731,,
732,-0.17902813299232737,
733,1.9298245614035088,
734,1.253731343283582,0.0231
735,,
736,-7.826086956521739,
737,,
738,0.19337016574585633,
739,,0.044499997
740,,
741,,0.013200001
742,,
743,0.8485576923076922,0.0150999995
744,4.436619718309859,0.0031
745,,
746,,0.070199996
747,-0.0,
748,,
749,,0.066199996
750,,
751,-0.8949416342412451,
752,,
753,,
754,139.2716049382716,0.022
755,,
756,,0.060700003
757,,
758,1.8108108108108105,
759,-1.2633181126331812,
760,0.9986702127659575,
761,,
762,,
763,1.0999999999999999,0.060599998
764,1.1194029850746268,0.013300001
765,-0.12987012987012986,
766,2.39651837524178,0.015800001
767,,
768,1.1681415929203542,0.0461
769,,0.0275
770,0.967032967032967,0.0099
771,,
772,0.5350978135788262,
773,,0.104399994
774,,0.0254
775,0.0010227040294538761,
776,1.9375866851595007,0.0381
777,-0.045454545454545456,
778,10.233333333333333,
779,0.5194805194805194,
780,0.10444563470808785,
781,1.1554054054054055,
782,,
783,5.500000000000001,0.0104
784,,
785,,0.074099995
786,-0.03748828491096533,
787,,
788,-0.07760532150776053,
789,,
790,0.08045977011494253,0.048299998
791,-0.42216358839050133,0.0218
792,,
793,0.9678362573099416,0.025
794,3.257142857142857,
795,0.625,
796,0.010351420847893453,
797,,
798,0.5156537753222836,
799,,0.0621
800,,
801,,0.0507
802,-0.30612244897959184,0.063
803,0.912621359223301,0.1455
804,1.5348837209302326,
805,0.16666666666666666,
806,1.0686274509803921,
807,,
808,9.142857142857142,0.15560001
809,,0.0949
810,,0.0738
811,,
812,,0.0863
813,,0.116000004
814,1.1832669322709166,0.028299998
815,3.033898305084746,0.0045
816,,0.0363
817,,
818,,
819,0.6196319018404909,
820,44.8,0.0572
821,,0.2463
822,2.177197802197802,0.007900001
823,0.5367647058823529,
824,1.596638655462185,
825,,0.0124
826,0.7723625557206538,0.013300001
827,9.286293592862934,
828,3.5087719298245617,
829,0.8870967741935485,0.0154
830,0.1556420233463035,
831,,
832,,
833,,
834,,0.0688
835,1.175,0.0029
836,,
837,1.8928571428571428,0.0307
838,,
839,0.3543934165118131,
840,,0.0471
841,1.2192513368983955,0.0039
842,0.5979073243647235,
843,1.635135135135135,0.054
844,,0.0418
845,-2.04,
846,,
847,2.2083333333333335,0.0779
848,,
849,0.17163504968383017,
850,1.0547945205479452,0.0433
851,1.076502732240437,0.0388
852,,0.0299
853,,
854,,
855,,0.030299999
856,,
857,0.5692307692307692,0.0466
858,,
859,,
860,1.0518867924528301,0.027
861,0.4706390328151987,
862,1.5987654320987654,0.008
863,1.0677083333333333,0.0095
864,,0.2807
865,1.9876543209876543,0.1022
866,0.4128856624319419,
867,0.4712041884816754,
868,,
869,,
870,,0.0168
871,,0.107
872,,
873,3.666666666666667,
874,0.3063457330415755,0.069299996
875,,
876,,0.09770001
877,0.2462526766595289,
878,,
879,,0.0687
880,,0.070199996
881,2.0056625141562856,
882,0.24743537135822732,0.0145000005
883,1.1428571428571428,0.036199998
884,1.0875390799464046,
885,-0.013781697905181918,
886,,0.0884
887,,0.0070999996
888,1.0126582278481013,
889,0.9144144144144143,
890,0.6024096385542168,
891,,0.0671
892,,
893,-5.7727272727272725,0.0178
894,,0.0419
895,,0.003
896,,
897,0.9184372858122002,
898,-2.151898734177215,
899,1.1875,0.081499994
900,,
901,3.6538461538461537,0.0381
902,,0.082399994
903,3.578181818181818,0.0332
904,,
905,0.6528497409326425,
906,,
907,0.3333333333333333,0.0414
908,31.623376623376625,
909,,
910,,
911,,
912,,
913,,
914,,
915,0.5014064697609001,0.024400001
916,,0.0094
917,0.817174515235457,
918,1.8532110091743117,
919,1.9467455621301777,0.0107
920,,
921,,0.0936
922,1.0989010989010988,0.0223
923,,
924,-3.320754716981132,
925,,
926,,
927,0.35555555555555557,
928,,
929,0.09919571045576407,
930,,
931,0.20833333333333334,0.1086
932,,0.044699997
933,1.1949685534591195,0.0683
934,,
935,0.2815884476534296,
936,,
937,2.7222222222222223,
938,,
939,,0.0655
940,1.4646464646464645,0.0215
941,,0.0064
942,2.3043478260869565,
943,,
944,0.5526219288595526,0.0691
945,1.2342342342342343,
946,,
947,-41.53846153846154,
948,1.160676532769556,0.020499999
949,,
950,0.43243243243243246,
951,,0.0171
952,,0.0382
953,0.5923344947735193,
954,0.2686357243319269,0.0355
955,,
956,,
957,1.5701754385964914,0.025
958,,
959,,
960,-0.45762711864406785,
961,-0.07874015748031496,
962,6.118251928020565,
963,2.6859375,0.0471
964,,
965,1.1489361702127658,
966,-1.0285714285714287,
967,0.9890350877192983,0.033099998
968,,
969,,
970,0.9433962264150942,
971,1.3677685950413223,0.0124
972,,
973,1.0454545454545456,0.0221
974,1.663265306122449,
975,,
976,1.0442477876106195,0.0622
977,,
978,,
979,,0.072
980,2.15,0.019
981,0.4659561870929544,0.0311
982,5.428571428571428,
983,,
984,0.35936751317680876,
985,2.967741935483871,
986,0.7216494845360825,0.1163
987,1.0872727272727274,0.0219
988,,
989,,0.0019
990,1.8270893371757924,
991,-1.09375,0.176
992,,
993,,
994,,
995,-2.75,
996,1.2941176470588234,0.057800002
997,0.8530259365994236,
998,1.3404255319148937,
999,,
1000,,
1001,,
1002,-40.0,
1003,,0.0018000001
1004,-4.223300970873787,
1005,-0.09077705156136529,
1006,,
1007,,
1008,,0.042600002
1009,0.28142589118198874,
1010,0.3640292553191489,
1011,0.8541329011345218,0.0164
1012,-0.33333333333333337,0.051599998
1013,0.8715596330275229,
1014,1.532846715328467,
1015,,0.080699995
1016,,0.0058
1017,0.847457627118644,0.0256
1018,,
1019,,
1020,0.43043043043043044,
1021,0.2087378640776699,0.0367
1022,,0.1166
1023,,
1024,1.0814558058925479,0.0249
1025,,0.119899996
1026,,0.1144
1027,,0.0191
1028,,
1029,,
1030,1.532258064516129,0.0241
1031,,
1032,1.4776119402985073,
1033,,
1034,1.4155251141552512,
1035,,0.117
1036,,
1037,0.5170370370370371,0.0176
1038,,
1039,1.3736842105263158,0.0344
1040,2.2710280373831777,
1041,,0.0108
1042,1.1043478260869566,0.0669
1043,1.5779310344827586,0.0143
1044,,0.102299996
1045,,
1046,,
1047,,0.0399
1048,,
1049,0.9126344086021505,0.0098
1050,-0.5245283018867924,0.0231
1051,0.9920255183413078,0.056999996
1052,1.0603621730382293,0.023
1053,,
1054,,
1055,,
1056,0.5018939393939394,
1057,,0.012
1058,1.0638766519823788,0.0478
1059,1.1977011494252874,0.044299997
1060,0.7766990291262136,0.0683
1061,0.3187250996015936,
1062,,
1063,,
1064,1.2892768079800498,0.0401
1065,,0.0321
1066,,
1067,1.1145662847790505,0.0062
1068,-2.148936170212766,
1069,,
1070,,
1071,1.0616438356164384,
1072,2.9999999999999996,
1073,2.2868217054263567,
1074,0.09302325581395349,
1075,,
1076,0.6644612476370511,0.0138
1077,4.5,
1078,0.7099567099567099,0.048
1079,,
1080,-0.4166666666666667,
1081,,
1082,,
1083,,0.0238
1084,,
1085,1.4434782608695653,0.097799994
1086,1.3136094674556213,0.097200006
1087,0.984251968503937,0.0432
1088,-2.6802721088435373,
1089,,
1090,,0.0796
1091,0.6405529953917051,
1092,0.6122448979591836,
1093,0.6486486486486487,0.0766
1094,,0.093100004
1095,,
1096,,
1097,12.164835164835164,0.0101
1098,7.75,
1099,1.392,0.100600004
1100,,0.045500003
1101,,
1102,0.5353982300884956,
1103,0.4419889502762432,
1104,,0.098500006
1105,-3.9653875094055677,0.0208
1106,,
1107,,
1108,1.2837837837837838,0.024
1109,,
1110,1.289833080424886,
1111,70.98765432098764,0.0202
1112,1.027542372881356,
1113,,
1114,,
1115,,
1116,1.205128205128205,
1117,,0.0125
1118,,0.0587
1119,4.181818181818182,0.0871
1120,,0.0484
1121,1.4864864864864866,
1122,,
1123,,
1124,,0.047
1125,-1.0920770877944326,
1126,,
1127,0.1899602744673167,
1128,0.9640287769784174,0.012999999
1129,0.7270270270270269,0.0207
1130,,0.049099997
1131,,
1132,,
1133,,
1134,1.4397801099450274,0.010299999
1135,,
1136,7.058823529411764,
1137,,
1138,,0.0127
1139,0.7790697674418605,0.0674
1140,0.9672691744015632,
1141,,0.057600003
1142,,0.108
1143,1.0694183864915572,
1144,3.345505617977528,
1145,1.2840579710144926,0.0208
1146,,
1147,1.319148936170213,
1148,,
1149,1.868131868131868,0.0446
1150,,
1151,,
1152,-0.1565858151673319,0.0733
1153,1.9278846153846152,
1154,,
1155,-17.75,
1156,164.22222222222223,0.0463
1157,,
1158,,
1159,,
1160,,
1161,1.246719160104987,0.0114
1162,0.38750527648796956,
1163,-2.7307692307692304,
1164,0.6989247311827956,0.13949999
1165,0.7909604519774013,
1166,,
1167,,
1168,3.9337349397590367,0.0107
1169,,0.0463
1170,1.7054263565891474,
1171,,
1172,0.9157894736842105,0.025999999
1173,1.0868055555555556,0.033299997
1174,0.3591470258136925,0.0791
1175,1.3717277486910995,0.028499998
1176,1.1009174311926606,
1177,,
1178,,0.0345
1179,13.75,
1180,0.15631784628745116,
1181,1.0,
1182,,
1183,1.0710227272727273,0.0128
1184,1.0639269406392695,0.0229
1185,1.2692307692307692,0.0309
1186,-1.3333333333333335,
1187,,
1188,0.8056628056628057,0.0257
1189,,
1190,,0.3328
1191,,
1192,0.9525691699604745,0.013300001
1193,,
1194,1.0589022757697457,0.0175
1195,0.9936908517350158,
1196,,
1197,0.49526813880126186,
1198,0.5047518479408659,0.0175
1199,1.3953488372093024,
1200,1.86046511627907,0.0183
1201,,
1202,,
1203,1.3215339233038348,0.0274
1204,0.8151093439363818,
1205,1.4545454545454544,0.0099
1206,,0.0194
1207,,
1208,,
1209,1.3450980392156864,0.0083
1210,,
1211,38.1025641025641,0.024400001
1212,1.54,0.037100002
1213,1.2455172413793103,0.0249
1214,,
1215,,0.0872
1216,0.4167324388318864,0.0062
1217,,
1218,,0.0496
1219,0.2826086956521739,0.0067000003
1220,0.7511380880121395,
1221,1.1157894736842107,0.019
1222,-0.8928571428571428,
1223,1.0902255639097744,0.030299999
1224,,0.026400002
1225,0.39715781600598354,0.019299999
1226,4.0048076923076925,
1227,,0.052800003
1228,-7.714285714285714,
1229,,
1230,1.2733990147783252,0.0162
1231,,
1232,0.008888888888888889,0.0717
1233,1.2617702448210923,
1234,,
1235,1.218326969802152,
1236,1.1521499448732082,0.0038
1237,-3.58433734939759,
1238,2.0327868852459017,
1239,,0.045700002
1240,0.9852469531751122,0.099300005
1241,1.1398963730569949,0.097600006
1242,,
1243,,
1244,,0.042600002
1245,,
1246,1.737179487179487,
1247,2.489262299809663,
1248,0.25691699604743085,
1249,0.6586080586080586,0.0047999998
1250,,
1251,2.7037037037037033,0.041100003
1252,,
1253,,
1254,1.5,0.083100006
1255,,
1256,1.3770491803278688,
1257,,0.0092
1258,1.0790513833992095,0.0433
1259,,
1260,1.3189066059225514,0.032
1261,0.6428571428571429,0.0185
1262,,
1263,1.0011799410029498,0.0435
1264,,
1265,,0.041199997
1266,,
1267,,0.0556
1268,1.6578483245149913,
1269,1.7857142857142856,
1270,0.6215722120658135,0.2913
1271,3.877430760164997,
1272,,0.0617
1273,-0.7231602421153234,
1274,1.8437499999999998,0.0306
1275,-4.847682119205298,
1276,0.848966613672496,0.028299998
1277,0.32592592592592595,
1278,,
1279,0.8504672897196262,0.0496
1280,,0.0369
1281,1.5412844036697246,0.0548
1282,,
1283,,0.0646
1284,1.184375,0.0633
1285,-6.538461538461539,
1286,,0.100200005
1287,-0.2459016393442623,
1288,0.0,
1289,0.8969465648854962,0.0376
1290,,
1291,-0.029411764705882353,
1292,0.9464285714285714,0.0139999995
1293,,
1294,,
1295,-1.4571910586250527,0.0092
1296,0.9523809523809524,
1297,,0.0222
1298,,
1299,-0.8798646362098139,
1300,12.5,
1301,,0.099700004
1302,,
1303,0.9209183673469388,0.039
1304,0.8823529411764706,0.031
1305,1.1627906976744187,
1306,,0.0305
1307,,0.061100002
1308,0.566951566951567,0.028399998
1309,-0.8658008658008658,
1310,,
1311,1.896694214876033,
1312,,0.059299998
1313,,
1314,-0.11949215832710978,
1315,3.2519083969465647,
1316,,
1317,-2.889772727272727,0.0369
1318,0.31594415870683323,
1319,,0.0395
1320,1.3274336283185841,
1321,-0.5559968228752978,
1322,0.4389312977099237,
1323,5.65625,0.0219
1324,,
1325,0.020050125313283207,
1326,,
1327,0.421216848673947,
1328,0.8521341463414634,0.0068
1329,,
1330,2.474530831099196,0.0349
1331,1.2777777777777777,
1332,1.0934065934065933,0.035099998
1333,,0.0099
1334,,
1335,1.1605075227067878,0.0866
1336,,0.0395
1337,1.0772128060263655,0.0128999995
1338,0.9238249594813613,
1339,,
1340,,
1341,1.2838709677419355,0.028199999
1342,0.9107922645040549,
1343,,
1344,0.8301682040151926,
1345,,
1346,,
1347,,
1348,0.277992277992278,
1349,0.9016393442622952,
1350,,0.0348
1351,0.5968468468468469,
1352,,0.1144
1353,1.096153846153846,0.009
1354,-0.016574585635359115,
1355,134.52040816326533,0.0517
1356,,
1357,1.4999999999999998,0.1451
1358,0.40638428483732353,
1359,,
1360,-0.37179487179487175,0.0699
1361,,0.083000004
1362,,0.0198
1363,,
1364,1.17162471395881,0.0419
1365,,
1366,2.0,
1367,,0.0177
1368,0.22149122807017546,0.13350001
1369,,
1370,0.5365126676602086,
1371,0.32926829268292684,0.030299999
1372,5.799999999999999,
1373,1.06198347107438,0.0581
1374,-1.4960629921259843,0.0305
1375,-0.24704913532802636,
1376,-0.6158357771260997,
1377,,
1378,,
1379,,0.0648
1380,1.0633928571428573,0.024400001
1381,,0.061
1382,,0.0104
1383,,0.0173
1384,1.582006920415225,
1385,1.0773809523809526,0.0109
1386,-0.06664119492105239,
1387,,
1388,,
1389,0.4914901664145234,
1390,,0.040599998
1391,1.2538631346578366,0.014199999
1392,1.4923076923076921,0.0185
1393,,
1394,,0.0587
1395,,
1396,,0.053600002
1397,-1.2,
1398,0.7520891364902508,
1399,,
1400,1.7931034482758623,
1401,2.671875,0.0252
1402,0.7763300760043431,0.045100003
1403,0.8617021276595745,
1404,,
1405,,0.096999995
1406,0.8481012658227848,
1407,,0.040999997
1408,,
1409,,0.012200001
1410,1.5263157894736843,0.2353
1411,1.3083700440528636,0.1537
1412,,
1413,1.218801996672213,
1414,2.029126213592233,0.089099996
1415,,0.014400001
1416,,0.0056
1417,0.2092050209205021,
1418,1.0207253886010363,0.013099999
1419,1.0567951318458417,
1420,0.19851116625310172,
1421,0.5422185430463576,
1422,,
1423,2.076923076923077,0.0033000002
1424,,0.0114
1425,1.0234278668310726,
1426,0.5798816568047337,
1427,0.5450236966824645,
1428,8.169717138103161,
1429,,0.0214
1430,,0.0385
1431,2.8204334365325074,0.0463
1432,,
1433,1.6773049645390072,0.0227
1434,,
1435,3.791970802919708,
1436,,
1437,,
1438,,1.0558
1439,,
1440,,
1441,0.996309963099631,
1442,,
1443,,0.0219
1444,1.0602205258693809,
1445,-16.1,
1446,,
1447,,
1448,,0.0117
1449,0.39974739501105144,0.0134000005
1450,,
1451,,0.0156
1452,0.2704761904761905,
1453,5.545454545454545,0.0545
1454,,
1455,,
1456,-0.1554754393871113,0.037100002
1457,1.0476190476190477,
1458,1.1233885819521179,0.0064
1459,-3.2222222222222223,
1460,,
1461,,
1462,1.4029850746268655,
1463,1.67646042170757,
1464,2.88235294117647,0.0113
1465,,
1466,,
1467,0.549800796812749,
1468,1.2710280373831775,
1469,0.9695290858725762,0.02
1470,,
1471,1.0534351145038168,0.012
1472,0.8730158730158731,0.0672
1473,1.373134328358209,
1474,1.1356877323420076,0.015800001
1475,,
1476,0.19999999999999998,0.0454
1477,5.024390243902439,
1478,,0.088999994
1479,,
1480,,
1481,1.3609022556390977,0.0353
1482,0.48275862068965514,0.0299
1483,0.1693548387096774,
1484,,
1485,,
1486,,
1487,,
1488,,0.055999998
1489,0.5933014354066986,0.0908
1490,-0.6610169491525424,
1491,,0.0387
1492,2.477611940298507,0.123900004
1493,0.5049396267837541,
1494,6.999999999999999,
1495,,
1496,-0.37453183520599254,
1497,2.544761904761905,
1498,,
1499,,
1500,,
1501,1.2977941176470587,
1502,0.9132420091324202,
1503,1.5884244372990355,
1504,1.2851985559566785,0.0149
1505,0.93713163064833,0.044699997
1506,1.3333333333333335,0.085200004
1507,1.5877862595419847,
1508,1.5236051502145922,0.0109
1509,,
1510,1.0070921985815602,0.0298
1511,1.3982300884955754,0.0342
1512,,
1513,0.8884540117416829,0.032
1514,1.696078431372549,0.0042
1515,0.4377104377104377,
1516,0.5480225988700564,0.081099994
1517,,
1518,2.268382352941176,0.0179
1519,,
1520,0.9054054054054055,
1521,,
1522,4.0,0.0117999995
1523,,
1524,5.133333333333334,0.040700004
1525,1.0766666666666667,0.0161
1526,,
1527,,
1528,1.227722772277228,0.033299997
1529,2.3555555555555556,0.1378
1530,,0.0257
1531,-2.666666666666667,
1532,,
1533,0.8542713567839196,0.038599998
1534,,
1535,0.6593103448275862,0.0171
1536,,0.0063
1537,0.9795918367346939,0.1099
1538,1.5106382978723405,
1539,,0.0754
1540,1.387931034482759,0.0209
1541,1.24,0.015700001
1542,4.583333333333334,
1543,1.1491108071135432,0.0126
1544,2.935483870967742,0.0097
1545,,0.0172
1546,,
1547,,0.0756
1548,,
1549,1.0931806350858928,
1550,1.0518731988472623,0.0198
1551,,
1552,-0.25510204081632654,
1553,1.048689138576779,
1554,1.07011393514461,0.024
1555,0.30057803468208094,
1556,0.7331042382588775,
1557,,
1558,,0.0224
1559,,
1560,1.0899437851342912,
1561,1.7892156862745097,0.030199999
1562,,
1563,1.162162162162162,0.0046
1564,,0.0521
1565,0.9330985915492958,0.011
1566,1.8571428571428572,0.1042
1567,1.5882352941176472,
1568,,
1569,1.2004773269689737,0.0434
1570,1.375,
1571,,
1572,,
1573,0.14705882352941177,0.1157
1574,10.666666666666666,0.060900003
1575,0.6435185185185184,0.0317
1576,0.8055635216518497,0.0152
1577,,
1578,,
1579,-2.6106194690265485,
1580,,
1581,,
1582,0.46783947223749306,0.0167
1583,,
1584,,
1585,1.2554744525547443,0.0138
1586,,0.065
1587,0.29544521953221176,
1588,,
1589,0.781390134529148,0.028499998
1590,,
1591,1.194610778443114,0.28
1592,6.035714285714285,
1593,,
1594,0.6688206785137317,0.0219
1595,,0.016
1596,,
1597,1.368595041322314,
1598,-43.22222222222223,
1599,,0.105500005
1600,0.7052896725440805,0.019199999
1601,0.15113350125944583,
1602,-0.6666666666666667,
1603,1.1942959001782532,
1604,,
1605,-0.06019151846785226,
1606,1.1490909090909092,
1607,1.4406779661016949,
1608,0.5802707930367504,
1609,1.0357142857142858,0.0787
1610,,
1611,-0.990990990990991,
1612,,
1613,-0.036053703424347563,
1614,0.1815904821540388,
1615,0.1921884686918785,
1616,0.21352313167259784,
1617,1.0,
1618,1.0642673521850898,0.014099999
1619,0.45652173913043476,0.0475
1620,-1.024390243902439,0.045
1621,1.0405549626467447,
1622,,0.1278
1623,,
1624,1.3832167832167832,0.0038
1625,,
1626,0.9516837481698389,
1627,-0.6880733944954128,
1628,,
1629,,
1630,,
1631,,0.0861
1632,,
1633,,
1634,,0.0688
1635,,
1636,,
1637,0.9074074074074073,
1638,1.5,
1639,,
1640,1.8160919540229887,
1641,,0.107200004
1642,,0.2949
1643,1.0124378109452739,0.0058
1644,,
1645,,0.0392
1646,2.064516129032258,0.042
1647,,
1648,,
1649,,0.1096
1650,,
1651,,0.0629
1652,-3.2352941176470584,
1653,0.6745426829268292,
1654,2.0,
1655,0.9718670076726342,
1656,,
1657,,0.0461
1658,0.546218487394958,
1659,,
1660,,0.044899996
1661,0.5906040268456376,
1662,,
1663,0.9789272030651343,0.0512
1664,0.07058823529411765,
1665,,
1666,1.096774193548387,0.0672
1667,1.1169757489301,0.015
1668,,0.0091
1669,,0.071100004
1670,0.9478908188585607,0.0202
1671,,
1672,0.745958429561201,0.0195
1673,,
1674,,
1675,,
1676,0.9791332263242375,
1677,,
1678,1.052937754508435,
1679,,0.0177
1680,,
1681,,
1682,,0.0392
1683,,
1684,,
1685,1.4666666666666666,0.015
1686,1.5595238095238095,0.1379
1687,24.666666666666668,
1688,1.1878172588832487,
1689,,
1690,,
1691,0.7822277847309136,0.0233
1692,0.9127399650959861,0.0462
1693,-1.4849624060150375,
1694,,0.0355
1695,-2.5384615384615383,
1696,,
1697,,0.0249
1698,1.1614349775784754,
1699,1.1994547932757837,
1700,,
1701,,
1702,1.348432055749129,0.0138
1703,,
1704,,
1705,,
1706,0.8363636363636363,
1707,13.436170212765958,0.0098
1708,,
1709,,
1710,1.246889325474787,
1711,0.9424977538185085,
1712,-1.433389544688027,
1713,,0.0164
1714,,0.0458
1715,,
1716,1.9083969465648853,0.0153
1717,0.5077925758005101,
1718,,0.0214
1719,1.478386167146974,0.0295
1720,20.0,
1721,,0.107
1722,,
1723,,0.0359
1724,0.1596958174904943,
1725,,0.0477
1726,2.361344537815126,0.0075
1727,,
1728,1.9817351598173516,
1729,0.7408163265306121,0.0135
1730,-0.29878048780487804,
1731,,0.0115
1732,,
1733,0.7511737089201879,
1734,3.6634615384615383,0.0636
1735,,
1736,0.5084745762711864,
1737,,
1738,0.4672897196261682,
1739,,
1740,-6.642857142857142,
1741,0.12269938650306748,
1742,3.241379310344828,0.0177
1743,,
1744,1.6480630334865396,
1745,,0.057800002
1746,,
1747,0.9285714285714287,
1748,1.7317073170731707,
1749,0.8520499108734403,
1750,1.3968338432885459,0.096
1751,0.7475490196078431,
1752,1.1278375149342892,0.0094
1753,1.0339506172839505,
1754,1.3170320404721754,0.0123000005
1755,,
1756,,
1757,1.167883211678832,0.0209
1758,-0.07769337016574586,
1759,-1.1363636363636365,
1760,,
1761,,
1762,,
1763,,
1764,,
1765,1.130281690140845,0.040700004
1766,1.0294117647058825,
1767,1.1165279429250892,0.023699999
1768,,
1769,-7.21875,
1770,-3.8075313807531384,
1771,0.8609625668449198,0.0405
1772,1.162748643761302,0.024600001
1773,0.22659256092347158,
1774,,
1775,0.08014354066985646,
1776,,0.0892
1777,,
1778,,
1779,,0.1269
1780,,
1781,,
1782,,0.0435
1783,6.142857142857142,
1784,,
1785,,0.0425
1786,,
1787,0.41946308724832215,0.0235
1788,,
1789,0.6888888888888889,
1790,0.28125000000000006,
1791,12.624113475177307,
1792,,0.1934
1793,,
1794,0.693069306930693,
1795,5.830188679245283,0.0202
1796,1.348148148148148,
1797,0.20652173913043478,
1798,-0.9390243902439025,
1799,0.23333333333333336,
1800,0.241773002014775,
1801,6.015873015873016,0.0436
1802,,0.052699998
1803,,0.095699996
1804,1.0860655737704918,0.074499995
1805,,0.028900001
1806,-0.12707722385141743,
1807,1.1828593996840442,
1808,,
1809,,
1810,1.316872427983539,0.0542
1811,1.6542056074766354,0.024
1812,1.3454038997214486,
1813,,
1814,,0.0345
1815,,
1816,-1.357234314980794,
1817,,0.0825
1818,1.4814814814814814,
1819,,0.081499994
1820,1.0902021772939348,0.038
1821,,
1822,1.123995407577497,0.0039
1823,1.4338821030270845,
1824,0.7142857142857143,
1825,,0.0115
1826,,0.1191
1827,,0.0176
1828,,
1829,,
1830,,
1831,,
1832,,
1833,2.9575757575757575,
1834,1.3322784810126582,0.0033000002
1835,10.363636363636363,0.0143
1836,,
1837,,
1838,-0.06066734074823053,
1839,,0.089099996
1840,2.803921568627451,
1841,,
1842,2.22972972972973,
1843,1.1700891127469972,
1844,2.142857142857143,
1845,1.010752688172043,0.0034
1846,-0.11450381679389313,
1847,1.022099447513812,
1848,1.1504854368932038,
1849,1.831815747188002,
1850,6.176470588235294,
1851,1.9708737864077668,0.0293
1852,1.051470588235294,0.0178
1853,,
1854,1.0375939849624058,0.0239
1855,2.5217391304347823,
1856,1.3121890547263684,0.020299999
1857,,0.0197
1858,1.2738525012893245,
1859,,
1860,1.2355555555555555,0.0123000005
1861,,
1862,8.025751072961373,
1863,-0.9585720581754076,0.0036000002
1864,-0.2058823529411765,
1865,,0.0146
1866,,
1867,-2.0916030534351147,
1868,0.3973509933774835,
1869,0.9784172661870505,
1870,,0.0222
1871,0.6224066390041494,
1872,1.437956204379562,0.0086
1873,-0.0764525993883792,
1874,0.380359612724758,
1875,0.3716312056737589,
1876,134.53488372093022,0.0317
1877,1.1287477954144622,
1878,0.6526806526806528,
1879,,
1880,0.46982758620689663,0.060500003
1881,,
1882,,
1883,-3.5937499999999996,
1884,,0.0463
1885,,
1886,,0.033800002
1887,1.0527638190954776,0.0093
1888,,
1889,1.961290322580645,
1890,-0.03994673768308921,
1891,,0.014199999
1892,1.3565891472868217,
1893,,
1894,,0.0748
1895,,
1896,91.39506172839506,0.0508
1897,2.164285714285714,0.028399998
1898,0.7832618025751072,
1899,2.043478260869565,0.0150999995
1900,1.1451612903225805,0.0113
1901,0.7203555170171254,0.0829
1902,0.7488986784140969,0.1275
1903,-2.980769230769231,
1904,,
1905,0.07149084568439407,
1906,2.9999999999999996,
1907,1.0362694300518136,
1908,1.4194107452339688,0.0175
1909,0.9500998003992016,0.0087
1910,-0.29,0.036
1911,-0.7385369268463422,0.0173
1912,,
1913,,
1914,-0.49347902714134645,0.1633
1915,,0.0719
1916,0.919827012641384,
1917,,
1918,,0.0626
1919,,
1920,0.8755760368663594,
1921,,0.0388
1922,0.4797353184449958,
1923,,
1924,137.6923076923077,
1925,,
1926,,0.043
1927,,0.0752
1928,3.4521963824289403,0.0215
1929,1.651186790505676,
1930,1.8412017167381973,0.0083
1931,1.315217391304348,
1932,,
1933,1.7461300309597523,
1934,,
1935,-27.333333333333332,
1936,30.11904761904762,0.0124
1937,,
1938,,
1939,,
1940,3.3558178752107928,
1941,-1.3636363636363635,
1942,,
1943,5.242424242424242,
1944,,
1945,0.4965034965034965,0.0776
1946,8.848230353929214,
1947,,
1948,,0.031600002
1949,1.5135135135135136,0.0134000005
1950,-0.13846153846153844,
1951,,0.0052
1952,0.5136688142086018,
1953,,0.1471
1954,,
1955,1.9188767550702028,
1956,1.2848101265822782,0.0186
1957,1.437810945273632,0.0023
1958,0.7941834451901565,
1959,,
1960,1.797872340425532,0.0337
1961,,
1962,,
1963,,
1964,,0.0736
1965,,
1966,,
1967,3.055555555555556,
1968,,
1969,0.539573493631029,
1970,,0.030199999
1971,0.0,
1972,,
1973,-0.0,0.038599998
1974,0.7324324324324325,0.0123000005
1975,,
1976,-0.8639455782312926,
1977,,0.0665
1978,1.0495867768595042,0.0308
1979,,0.0517
1980,0.8994413407821229,0.0469
1981,,
1982,,
1983,0.8448275862068966,
1984,-0.5675675675675675,0.0845
1985,2.791666666666667,
1986,0.2091466815393196,
1987,1.0408163265306123,0.1179
1988,1.2941176470588234,0.061100002
1989,1.2027027027027026,0.0254
1990,,
1991,0.7430617726051925,
1992,1.2692307692307692,
1993,0.8368794326241135,
1994,,
1995,1.3106796116504855,0.0297
1996,15.625,0.0986
1997,,0.047199998
1998,1.177536231884058,0.014199999
1999,,0.0512
